,제품번호,브랜드,제품명,가격,썸네일,리뷰,상세사진
0,787664,[클리어런스],DOX-607 SIMPLE POCKET 1/2 T - BLACK,"24,000원				6,900원",001001-787664-thumb.jpg,94.9% 만족,001001-787664-detail-0.jpg
1,787665,[클리어런스],DOX-607 SIMPLE POCKET 1/2 T - BLACK,"24,000원				6,900원",001001-787665-thumb.jpg,94.9% 만족,001001-787665-detail-0.jpg
2,1517408,[클리어런스],DOX-607 SIMPLE POCKET 1/2 T - BLACK,"24,000원				6,900원",001001-1517408-thumb.jpg,등록된 후기가 없습니다.,001001-1517408-detail-0.jpg#001001-1517408-detail-1.jpg#001001-1517408-detail-2.jpg#001001-1517408-detail-3.jpg#001001-1517408-detail-4.jpg#001001-1517408-detail-5.jpg#001001-1517408-detail-6.jpg#001001-1517408-detail-7.jpg
3,1517392,[클리어런스],DOX-607 SIMPLE POCKET 1/2 T - BLACK,"24,000원				6,900원",001001-1517392-thumb.jpg,등록된 후기가 없습니다.,001001-1517392-detail-0.jpg#001001-1517392-detail-1.jpg#001001-1517392-detail-2.jpg#001001-1517392-detail-3.jpg#001001-1517392-detail-4.jpg#001001-1517392-detail-5.jpg#001001-1517392-detail-6.jpg#001001-1517392-detail-7.jpg
4,1508488,[클리어런스],DOX-607 SIMPLE POCKET 1/2 T - BLACK,"24,000원				6,900원",001001-1508488-thumb.jpg,등록된 후기가 없습니다.,001001-1508488-detail-0.jpg#001001-1508488-detail-1.jpg#001001-1508488-detail-2.jpg#001001-1508488-detail-3.jpg#001001-1508488-detail-4.jpg#001001-1508488-detail-5.jpg
5,1514913,[클리어런스],DOX-607 SIMPLE POCKET 1/2 T - BLACK,"24,000원				6,900원",001001-1514913-thumb.jpg,등록된 후기가 없습니다.,001001-1514913-detail-0.jpg#001001-1514913-detail-1.jpg#001001-1514913-detail-2.jpg#001001-1514913-detail-3.jpg#001001-1514913-detail-4.jpg#001001-1514913-detail-5.jpg
6,1513724,[클리어런스],DOX-607 SIMPLE POCKET 1/2 T - BLACK,"24,000원				6,900원",001001-1513724-thumb.jpg,등록된 후기가 없습니다.,001001-1513724-detail-0.jpg#001001-1513724-detail-1.jpg
7,1513725,[클리어런스],DOX-607 SIMPLE POCKET 1/2 T - BLACK,"24,000원				6,900원",001001-1513725-thumb.jpg,등록된 후기가 없습니다.,001001-1513725-detail-0.jpg#001001-1513725-detail-1.jpg
8,1513727,[클리어런스],DOX-607 SIMPLE POCKET 1/2 T - BLACK,"24,000원				6,900원",001001-1513727-thumb.jpg,등록된 후기가 없습니다.,001001-1513727-detail-0.jpg#001001-1513727-detail-1.jpg
9,1513729,[클리어런스],DOX-607 SIMPLE POCKET 1/2 T - BLACK,"24,000원				6,900원",001001-1513729-thumb.jpg,등록된 후기가 없습니다.,001001-1513729-detail-0.jpg#001001-1513729-detail-1.jpg
10,1513731,[클리어런스],DOX-607 SIMPLE POCKET 1/2 T - BLACK,"24,000원				6,900원",001001-1513731-thumb.jpg,등록된 후기가 없습니다.,001001-1513731-detail-0.jpg#001001-1513731-detail-1.jpg
11,1517452,[클리어런스],DOX-607 SIMPLE POCKET 1/2 T - BLACK,"24,000원				6,900원",001001-1517452-thumb.jpg,등록된 후기가 없습니다.,001001-1517452-detail-0.jpg#001001-1517452-detail-1.jpg#001001-1517452-detail-2.jpg#001001-1517452-detail-3.jpg#001001-1517452-detail-4.jpg#001001-1517452-detail-5.jpg#001001-1517452-detail-6.jpg#001001-1517452-detail-7.jpg
12,1517451,[클리어런스],DOX-607 SIMPLE POCKET 1/2 T - BLACK,"24,000원				6,900원",001001-1517451-thumb.jpg,등록된 후기가 없습니다.,001001-1517451-detail-0.jpg#001001-1517451-detail-1.jpg#001001-1517451-detail-2.jpg#001001-1517451-detail-3.jpg#001001-1517451-detail-4.jpg#001001-1517451-detail-5.jpg#001001-1517451-detail-6.jpg#001001-1517451-detail-7.jpg
13,1517450,[클리어런스],DOX-607 SIMPLE POCKET 1/2 T - BLACK,"24,000원				6,900원",001001-1517450-thumb.jpg,등록된 후기가 없습니다.,001001-1517450-detail-0.jpg#001001-1517450-detail-1.jpg#001001-1517450-detail-2.jpg#001001-1517450-detail-3.jpg#001001-1517450-detail-4.jpg#001001-1517450-detail-5.jpg#001001-1517450-detail-6.jpg#001001-1517450-detail-7.jpg
14,1517440,[클리어런스],DOX-607 SIMPLE POCKET 1/2 T - BLACK,"24,000원				6,900원",001001-1517440-thumb.jpg,등록된 후기가 없습니다.,001001-1517440-detail-0.jpg#001001-1517440-detail-1.jpg#001001-1517440-detail-2.jpg#001001-1517440-detail-3.jpg#001001-1517440-detail-4.jpg#001001-1517440-detail-5.jpg#001001-1517440-detail-6.jpg#001001-1517440-detail-7.jpg
15,1517439,[클리어런스],DOX-607 SIMPLE POCKET 1/2 T - BLACK,"24,000원				6,900원",001001-1517439-thumb.jpg,등록된 후기가 없습니다.,001001-1517439-detail-0.jpg#001001-1517439-detail-1.jpg#001001-1517439-detail-2.jpg#001001-1517439-detail-3.jpg#001001-1517439-detail-4.jpg#001001-1517439-detail-5.jpg#001001-1517439-detail-6.jpg#001001-1517439-detail-7.jpg
16,1517437,[클리어런스],DOX-607 SIMPLE POCKET 1/2 T - BLACK,"24,000원				6,900원",001001-1517437-thumb.jpg,등록된 후기가 없습니다.,001001-1517437-detail-0.jpg#001001-1517437-detail-1.jpg#001001-1517437-detail-2.jpg#001001-1517437-detail-3.jpg#001001-1517437-detail-4.jpg#001001-1517437-detail-5.jpg#001001-1517437-detail-6.jpg#001001-1517437-detail-7.jpg
17,1517436,[클리어런스],DOX-607 SIMPLE POCKET 1/2 T - BLACK,"24,000원				6,900원",001001-1517436-thumb.jpg,등록된 후기가 없습니다.,001001-1517436-detail-0.jpg#001001-1517436-detail-1.jpg#001001-1517436-detail-2.jpg#001001-1517436-detail-3.jpg#001001-1517436-detail-4.jpg#001001-1517436-detail-5.jpg#001001-1517436-detail-6.jpg#001001-1517436-detail-7.jpg
18,1517434,[클리어런스],DOX-607 SIMPLE POCKET 1/2 T - BLACK,"24,000원				6,900원",001001-1517434-thumb.jpg,등록된 후기가 없습니다.,001001-1517434-detail-0.jpg#001001-1517434-detail-1.jpg#001001-1517434-detail-2.jpg#001001-1517434-detail-3.jpg#001001-1517434-detail-4.jpg#001001-1517434-detail-5.jpg#001001-1517434-detail-6.jpg#001001-1517434-detail-7.jpg
19,1517433,[클리어런스],DOX-607 SIMPLE POCKET 1/2 T - BLACK,"24,000원				6,900원",001001-1517433-thumb.jpg,등록된 후기가 없습니다.,001001-1517433-detail-0.jpg#001001-1517433-detail-1.jpg#001001-1517433-detail-2.jpg#001001-1517433-detail-3.jpg#001001-1517433-detail-4.jpg#001001-1517433-detail-5.jpg#001001-1517433-detail-6.jpg#001001-1517433-detail-7.jpg
20,1517426,[클리어런스],DOX-607 SIMPLE POCKET 1/2 T - BLACK,"24,000원				6,900원",001001-1517426-thumb.jpg,등록된 후기가 없습니다.,001001-1517426-detail-0.jpg#001001-1517426-detail-1.jpg#001001-1517426-detail-2.jpg#001001-1517426-detail-3.jpg#001001-1517426-detail-4.jpg#001001-1517426-detail-5.jpg#001001-1517426-detail-6.jpg#001001-1517426-detail-7.jpg
21,1517425,[클리어런스],DOX-607 SIMPLE POCKET 1/2 T - BLACK,"24,000원				6,900원",001001-1517425-thumb.jpg,등록된 후기가 없습니다.,001001-1517425-detail-0.jpg#001001-1517425-detail-1.jpg#001001-1517425-detail-2.jpg#001001-1517425-detail-3.jpg#001001-1517425-detail-4.jpg#001001-1517425-detail-5.jpg#001001-1517425-detail-6.jpg#001001-1517425-detail-7.jpg
22,1517424,[클리어런스],DOX-607 SIMPLE POCKET 1/2 T - BLACK,"24,000원				6,900원",001001-1517424-thumb.jpg,등록된 후기가 없습니다.,001001-1517424-detail-0.jpg#001001-1517424-detail-1.jpg#001001-1517424-detail-2.jpg#001001-1517424-detail-3.jpg#001001-1517424-detail-4.jpg#001001-1517424-detail-5.jpg#001001-1517424-detail-6.jpg#001001-1517424-detail-7.jpg
23,1517422,[클리어런스],DOX-607 SIMPLE POCKET 1/2 T - BLACK,"24,000원				6,900원",001001-1517422-thumb.jpg,등록된 후기가 없습니다.,001001-1517422-detail-0.jpg#001001-1517422-detail-1.jpg#001001-1517422-detail-2.jpg#001001-1517422-detail-3.jpg#001001-1517422-detail-4.jpg#001001-1517422-detail-5.jpg#001001-1517422-detail-6.jpg#001001-1517422-detail-7.jpg
24,1517419,[클리어런스],DOX-607 SIMPLE POCKET 1/2 T - BLACK,"24,000원				6,900원",001001-1517419-thumb.jpg,등록된 후기가 없습니다.,001001-1517419-detail-0.jpg#001001-1517419-detail-1.jpg#001001-1517419-detail-2.jpg#001001-1517419-detail-3.jpg#001001-1517419-detail-4.jpg#001001-1517419-detail-5.jpg#001001-1517419-detail-6.jpg#001001-1517419-detail-7.jpg
25,1517418,[클리어런스],DOX-607 SIMPLE POCKET 1/2 T - BLACK,"24,000원				6,900원",001001-1517418-thumb.jpg,등록된 후기가 없습니다.,001001-1517418-detail-0.jpg#001001-1517418-detail-1.jpg#001001-1517418-detail-2.jpg#001001-1517418-detail-3.jpg#001001-1517418-detail-4.jpg#001001-1517418-detail-5.jpg#001001-1517418-detail-6.jpg#001001-1517418-detail-7.jpg
26,1517417,[클리어런스],DOX-607 SIMPLE POCKET 1/2 T - BLACK,"24,000원				6,900원",001001-1517417-thumb.jpg,등록된 후기가 없습니다.,001001-1517417-detail-0.jpg#001001-1517417-detail-1.jpg#001001-1517417-detail-2.jpg#001001-1517417-detail-3.jpg#001001-1517417-detail-4.jpg#001001-1517417-detail-5.jpg#001001-1517417-detail-6.jpg#001001-1517417-detail-7.jpg
27,1517416,[클리어런스],DOX-607 SIMPLE POCKET 1/2 T - BLACK,"24,000원				6,900원",001001-1517416-thumb.jpg,등록된 후기가 없습니다.,001001-1517416-detail-0.jpg#001001-1517416-detail-1.jpg#001001-1517416-detail-2.jpg#001001-1517416-detail-3.jpg#001001-1517416-detail-4.jpg#001001-1517416-detail-5.jpg#001001-1517416-detail-6.jpg#001001-1517416-detail-7.jpg
28,1517415,[클리어런스],DOX-607 SIMPLE POCKET 1/2 T - BLACK,"24,000원				6,900원",001001-1517415-thumb.jpg,등록된 후기가 없습니다.,001001-1517415-detail-0.jpg#001001-1517415-detail-1.jpg#001001-1517415-detail-2.jpg#001001-1517415-detail-3.jpg#001001-1517415-detail-4.jpg#001001-1517415-detail-5.jpg#001001-1517415-detail-6.jpg#001001-1517415-detail-7.jpg
29,1517412,[클리어런스],DOX-607 SIMPLE POCKET 1/2 T - BLACK,"24,000원				6,900원",001001-1517412-thumb.jpg,등록된 후기가 없습니다.,001001-1517412-detail-0.jpg#001001-1517412-detail-1.jpg#001001-1517412-detail-2.jpg#001001-1517412-detail-3.jpg#001001-1517412-detail-4.jpg#001001-1517412-detail-5.jpg#001001-1517412-detail-6.jpg#001001-1517412-detail-7.jpg
30,1517410,[클리어런스],DOX-607 SIMPLE POCKET 1/2 T - BLACK,"24,000원				6,900원",001001-1517410-thumb.jpg,등록된 후기가 없습니다.,001001-1517410-detail-0.jpg#001001-1517410-detail-1.jpg#001001-1517410-detail-2.jpg#001001-1517410-detail-3.jpg#001001-1517410-detail-4.jpg#001001-1517410-detail-5.jpg#001001-1517410-detail-6.jpg#001001-1517410-detail-7.jpg
31,1516921,[클리어런스],DOX-607 SIMPLE POCKET 1/2 T - BLACK,"24,000원				6,900원",001001-1516921-thumb.jpg,등록된 후기가 없습니다.,001001-1516921-detail-0.jpg#001001-1516921-detail-1.jpg#001001-1516921-detail-2.jpg#001001-1516921-detail-3.jpg#001001-1516921-detail-4.jpg#001001-1516921-detail-5.jpg#001001-1516921-detail-6.jpg#001001-1516921-detail-7.jpg
32,1517405,[클리어런스],DOX-607 SIMPLE POCKET 1/2 T - BLACK,"24,000원				6,900원",001001-1517405-thumb.jpg,등록된 후기가 없습니다.,001001-1517405-detail-0.jpg#001001-1517405-detail-1.jpg#001001-1517405-detail-2.jpg#001001-1517405-detail-3.jpg#001001-1517405-detail-4.jpg#001001-1517405-detail-5.jpg#001001-1517405-detail-6.jpg#001001-1517405-detail-7.jpg
33,1517404,[클리어런스],DOX-607 SIMPLE POCKET 1/2 T - BLACK,"24,000원				6,900원",001001-1517404-thumb.jpg,등록된 후기가 없습니다.,001001-1517404-detail-0.jpg#001001-1517404-detail-1.jpg#001001-1517404-detail-2.jpg#001001-1517404-detail-3.jpg#001001-1517404-detail-4.jpg#001001-1517404-detail-5.jpg#001001-1517404-detail-6.jpg#001001-1517404-detail-7.jpg
34,1517403,[클리어런스],DOX-607 SIMPLE POCKET 1/2 T - BLACK,"24,000원				6,900원",001001-1517403-thumb.jpg,등록된 후기가 없습니다.,001001-1517403-detail-0.jpg#001001-1517403-detail-1.jpg#001001-1517403-detail-2.jpg#001001-1517403-detail-3.jpg#001001-1517403-detail-4.jpg#001001-1517403-detail-5.jpg#001001-1517403-detail-6.jpg#001001-1517403-detail-7.jpg
35,1517402,[클리어런스],DOX-607 SIMPLE POCKET 1/2 T - BLACK,"24,000원				6,900원",001001-1517402-thumb.jpg,등록된 후기가 없습니다.,001001-1517402-detail-0.jpg#001001-1517402-detail-1.jpg#001001-1517402-detail-2.jpg#001001-1517402-detail-3.jpg#001001-1517402-detail-4.jpg#001001-1517402-detail-5.jpg#001001-1517402-detail-6.jpg#001001-1517402-detail-7.jpg
36,1517400,[클리어런스],DOX-607 SIMPLE POCKET 1/2 T - BLACK,"24,000원				6,900원",001001-1517400-thumb.jpg,등록된 후기가 없습니다.,001001-1517400-detail-0.jpg#001001-1517400-detail-1.jpg#001001-1517400-detail-2.jpg#001001-1517400-detail-3.jpg#001001-1517400-detail-4.jpg#001001-1517400-detail-5.jpg#001001-1517400-detail-6.jpg#001001-1517400-detail-7.jpg
37,1517399,[클리어런스],DOX-607 SIMPLE POCKET 1/2 T - BLACK,"24,000원				6,900원",001001-1517399-thumb.jpg,등록된 후기가 없습니다.,001001-1517399-detail-0.jpg#001001-1517399-detail-1.jpg#001001-1517399-detail-2.jpg#001001-1517399-detail-3.jpg#001001-1517399-detail-4.jpg#001001-1517399-detail-5.jpg#001001-1517399-detail-6.jpg#001001-1517399-detail-7.jpg
38,1517398,[클리어런스],DOX-607 SIMPLE POCKET 1/2 T - BLACK,"24,000원				6,900원",001001-1517398-thumb.jpg,등록된 후기가 없습니다.,001001-1517398-detail-0.jpg#001001-1517398-detail-1.jpg#001001-1517398-detail-2.jpg#001001-1517398-detail-3.jpg#001001-1517398-detail-4.jpg#001001-1517398-detail-5.jpg#001001-1517398-detail-6.jpg#001001-1517398-detail-7.jpg
39,1517397,[클리어런스],DOX-607 SIMPLE POCKET 1/2 T - BLACK,"24,000원				6,900원",001001-1517397-thumb.jpg,등록된 후기가 없습니다.,001001-1517397-detail-0.jpg#001001-1517397-detail-1.jpg#001001-1517397-detail-2.jpg#001001-1517397-detail-3.jpg#001001-1517397-detail-4.jpg#001001-1517397-detail-5.jpg#001001-1517397-detail-6.jpg#001001-1517397-detail-7.jpg
40,1516162,[클리어런스],DOX-607 SIMPLE POCKET 1/2 T - BLACK,"24,000원				6,900원",001001-1516162-thumb.jpg,등록된 후기가 없습니다.,001001-1516162-detail-0.jpg
41,1517396,[클리어런스],DOX-607 SIMPLE POCKET 1/2 T - BLACK,"24,000원				6,900원",001001-1517396-thumb.jpg,등록된 후기가 없습니다.,001001-1517396-detail-0.jpg#001001-1517396-detail-1.jpg#001001-1517396-detail-2.jpg#001001-1517396-detail-3.jpg#001001-1517396-detail-4.jpg#001001-1517396-detail-5.jpg#001001-1517396-detail-6.jpg#001001-1517396-detail-7.jpg
42,1516161,[클리어런스],DOX-607 SIMPLE POCKET 1/2 T - BLACK,"24,000원				6,900원",001001-1516161-thumb.jpg,등록된 후기가 없습니다.,001001-1516161-detail-0.jpg
43,1517395,[클리어런스],DOX-607 SIMPLE POCKET 1/2 T - BLACK,"24,000원				6,900원",001001-1517395-thumb.jpg,등록된 후기가 없습니다.,001001-1517395-detail-0.jpg#001001-1517395-detail-1.jpg#001001-1517395-detail-2.jpg#001001-1517395-detail-3.jpg#001001-1517395-detail-4.jpg#001001-1517395-detail-5.jpg#001001-1517395-detail-6.jpg#001001-1517395-detail-7.jpg
44,1517393,[클리어런스],DOX-607 SIMPLE POCKET 1/2 T - BLACK,"24,000원				6,900원",001001-1517393-thumb.jpg,등록된 후기가 없습니다.,001001-1517393-detail-0.jpg#001001-1517393-detail-1.jpg#001001-1517393-detail-2.jpg#001001-1517393-detail-3.jpg#001001-1517393-detail-4.jpg#001001-1517393-detail-5.jpg#001001-1517393-detail-6.jpg#001001-1517393-detail-7.jpg
45,1517359,[클리어런스],DOX-607 SIMPLE POCKET 1/2 T - BLACK,"24,000원				6,900원",001001-1517359-thumb.jpg,등록된 후기가 없습니다.,001001-1517359-detail-0.jpg#001001-1517359-detail-1.jpg#001001-1517359-detail-2.jpg#001001-1517359-detail-3.jpg#001001-1517359-detail-4.jpg#001001-1517359-detail-5.jpg#001001-1517359-detail-6.jpg#001001-1517359-detail-7.jpg
46,1517357,[클리어런스],DOX-607 SIMPLE POCKET 1/2 T - BLACK,"24,000원				6,900원",001001-1517357-thumb.jpg,등록된 후기가 없습니다.,001001-1517357-detail-0.jpg#001001-1517357-detail-1.jpg#001001-1517357-detail-2.jpg#001001-1517357-detail-3.jpg#001001-1517357-detail-4.jpg#001001-1517357-detail-5.jpg#001001-1517357-detail-6.jpg#001001-1517357-detail-7.jpg
47,1517355,[클리어런스],DOX-607 SIMPLE POCKET 1/2 T - BLACK,"24,000원				6,900원",001001-1517355-thumb.jpg,등록된 후기가 없습니다.,001001-1517355-detail-0.jpg#001001-1517355-detail-1.jpg#001001-1517355-detail-2.jpg#001001-1517355-detail-3.jpg#001001-1517355-detail-4.jpg#001001-1517355-detail-5.jpg#001001-1517355-detail-6.jpg#001001-1517355-detail-7.jpg
48,1517354,[클리어런스],DOX-607 SIMPLE POCKET 1/2 T - BLACK,"24,000원				6,900원",001001-1517354-thumb.jpg,등록된 후기가 없습니다.,001001-1517354-detail-0.jpg#001001-1517354-detail-1.jpg#001001-1517354-detail-2.jpg#001001-1517354-detail-3.jpg#001001-1517354-detail-4.jpg#001001-1517354-detail-5.jpg#001001-1517354-detail-6.jpg#001001-1517354-detail-7.jpg
49,1517353,[클리어런스],DOX-607 SIMPLE POCKET 1/2 T - BLACK,"24,000원				6,900원",001001-1517353-thumb.jpg,등록된 후기가 없습니다.,001001-1517353-detail-0.jpg#001001-1517353-detail-1.jpg#001001-1517353-detail-2.jpg#001001-1517353-detail-3.jpg#001001-1517353-detail-4.jpg#001001-1517353-detail-5.jpg#001001-1517353-detail-6.jpg#001001-1517353-detail-7.jpg
50,1516916,[클리어런스],DOX-607 SIMPLE POCKET 1/2 T - BLACK,"24,000원				6,900원",001001-1516916-thumb.jpg,등록된 후기가 없습니다.,001001-1516916-detail-0.jpg#001001-1516916-detail-1.jpg#001001-1516916-detail-2.jpg#001001-1516916-detail-3.jpg#001001-1516916-detail-4.jpg#001001-1516916-detail-5.jpg#001001-1516916-detail-6.jpg#001001-1516916-detail-7.jpg
51,1517166,[클리어런스],DOX-607 SIMPLE POCKET 1/2 T - BLACK,"24,000원				6,900원",001001-1517166-thumb.jpg,등록된 후기가 없습니다.,001001-1517166-detail-0.jpg#001001-1517166-detail-1.jpg
52,1517148,[클리어런스],DOX-607 SIMPLE POCKET 1/2 T - BLACK,"24,000원				6,900원",001001-1517148-thumb.jpg,등록된 후기가 없습니다.,001001-1517148-detail-0.jpg#001001-1517148-detail-1.jpg
53,1517125,[클리어런스],DOX-607 SIMPLE POCKET 1/2 T - BLACK,"24,000원				6,900원",001001-1517125-thumb.jpg,등록된 후기가 없습니다.,001001-1517125-detail-0.jpg#001001-1517125-detail-1.jpg
54,1517122,[클리어런스],DOX-607 SIMPLE POCKET 1/2 T - BLACK,"24,000원				6,900원",001001-1517122-thumb.jpg,등록된 후기가 없습니다.,001001-1517122-detail-0.jpg
55,1517111,[클리어런스],DOX-607 SIMPLE POCKET 1/2 T - BLACK,"24,000원				6,900원",001001-1517111-thumb.jpg,등록된 후기가 없습니다.,001001-1517111-detail-0.jpg
56,1517103,[클리어런스],DOX-607 SIMPLE POCKET 1/2 T - BLACK,"24,000원				6,900원",001001-1517103-thumb.jpg,등록된 후기가 없습니다.,001001-1517103-detail-0.jpg
57,1517085,[클리어런스],DOX-607 SIMPLE POCKET 1/2 T - BLACK,"24,000원				6,900원",001001-1517085-thumb.jpg,등록된 후기가 없습니다.,001001-1517085-detail-0.jpg#001001-1517085-detail-1.jpg
58,1517063,[클리어런스],DOX-607 SIMPLE POCKET 1/2 T - BLACK,"24,000원				6,900원",001001-1517063-thumb.jpg,등록된 후기가 없습니다.,001001-1517063-detail-0.jpg
59,1517042,[클리어런스],DOX-607 SIMPLE POCKET 1/2 T - BLACK,"24,000원				6,900원",001001-1517042-thumb.jpg,등록된 후기가 없습니다.,001001-1517042-detail-0.jpg
60,1517034,[클리어런스],DOX-607 SIMPLE POCKET 1/2 T - BLACK,"24,000원				6,900원",001001-1517034-thumb.jpg,등록된 후기가 없습니다.,001001-1517034-detail-0.jpg#001001-1517034-detail-1.jpg
61,1516905,[클리어런스],DOX-607 SIMPLE POCKET 1/2 T - BLACK,"24,000원				6,900원",001001-1516905-thumb.jpg,등록된 후기가 없습니다.,001001-1516905-detail-0.jpg#001001-1516905-detail-1.jpg#001001-1516905-detail-2.jpg#001001-1516905-detail-3.jpg#001001-1516905-detail-4.jpg#001001-1516905-detail-5.jpg#001001-1516905-detail-6.jpg#001001-1516905-detail-7.jpg
62,1516900,[클리어런스],DOX-607 SIMPLE POCKET 1/2 T - BLACK,"24,000원				6,900원",001001-1516900-thumb.jpg,등록된 후기가 없습니다.,001001-1516900-detail-0.jpg#001001-1516900-detail-1.jpg#001001-1516900-detail-2.jpg#001001-1516900-detail-3.jpg#001001-1516900-detail-4.jpg#001001-1516900-detail-5.jpg#001001-1516900-detail-6.jpg#001001-1516900-detail-7.jpg
63,1516978,[클리어런스],DOX-607 SIMPLE POCKET 1/2 T - BLACK,"24,000원				6,900원",001001-1516978-thumb.jpg,등록된 후기가 없습니다.,001001-1516978-detail-0.jpg#001001-1516978-detail-1.jpg#001001-1516978-detail-2.jpg#001001-1516978-detail-3.jpg#001001-1516978-detail-4.jpg#001001-1516978-detail-5.jpg#001001-1516978-detail-6.jpg#001001-1516978-detail-7.jpg
64,1516974,[클리어런스],DOX-607 SIMPLE POCKET 1/2 T - BLACK,"24,000원				6,900원",001001-1516974-thumb.jpg,등록된 후기가 없습니다.,001001-1516974-detail-0.jpg#001001-1516974-detail-1.jpg#001001-1516974-detail-2.jpg#001001-1516974-detail-3.jpg#001001-1516974-detail-4.jpg#001001-1516974-detail-5.jpg#001001-1516974-detail-6.jpg#001001-1516974-detail-7.jpg
65,1516973,[클리어런스],DOX-607 SIMPLE POCKET 1/2 T - BLACK,"24,000원				6,900원",001001-1516973-thumb.jpg,등록된 후기가 없습니다.,001001-1516973-detail-0.jpg#001001-1516973-detail-1.jpg#001001-1516973-detail-2.jpg#001001-1516973-detail-3.jpg#001001-1516973-detail-4.jpg#001001-1516973-detail-5.jpg#001001-1516973-detail-6.jpg#001001-1516973-detail-7.jpg
66,1516972,[클리어런스],DOX-607 SIMPLE POCKET 1/2 T - BLACK,"24,000원				6,900원",001001-1516972-thumb.jpg,등록된 후기가 없습니다.,001001-1516972-detail-0.jpg#001001-1516972-detail-1.jpg#001001-1516972-detail-2.jpg#001001-1516972-detail-3.jpg#001001-1516972-detail-4.jpg#001001-1516972-detail-5.jpg#001001-1516972-detail-6.jpg#001001-1516972-detail-7.jpg
67,1516971,[클리어런스],DOX-607 SIMPLE POCKET 1/2 T - BLACK,"24,000원				6,900원",001001-1516971-thumb.jpg,등록된 후기가 없습니다.,001001-1516971-detail-0.jpg#001001-1516971-detail-1.jpg#001001-1516971-detail-2.jpg#001001-1516971-detail-3.jpg#001001-1516971-detail-4.jpg#001001-1516971-detail-5.jpg#001001-1516971-detail-6.jpg#001001-1516971-detail-7.jpg
68,1516966,[클리어런스],DOX-607 SIMPLE POCKET 1/2 T - BLACK,"24,000원				6,900원",001001-1516966-thumb.jpg,등록된 후기가 없습니다.,001001-1516966-detail-0.jpg#001001-1516966-detail-1.jpg#001001-1516966-detail-2.jpg#001001-1516966-detail-3.jpg#001001-1516966-detail-4.jpg#001001-1516966-detail-5.jpg#001001-1516966-detail-6.jpg#001001-1516966-detail-7.jpg
69,1516963,[클리어런스],DOX-607 SIMPLE POCKET 1/2 T - BLACK,"24,000원				6,900원",001001-1516963-thumb.jpg,등록된 후기가 없습니다.,001001-1516963-detail-0.jpg#001001-1516963-detail-1.jpg#001001-1516963-detail-2.jpg#001001-1516963-detail-3.jpg#001001-1516963-detail-4.jpg#001001-1516963-detail-5.jpg#001001-1516963-detail-6.jpg#001001-1516963-detail-7.jpg
70,1516962,[클리어런스],DOX-607 SIMPLE POCKET 1/2 T - BLACK,"24,000원				6,900원",001001-1516962-thumb.jpg,등록된 후기가 없습니다.,001001-1516962-detail-0.jpg#001001-1516962-detail-1.jpg#001001-1516962-detail-2.jpg#001001-1516962-detail-3.jpg#001001-1516962-detail-4.jpg#001001-1516962-detail-5.jpg#001001-1516962-detail-6.jpg#001001-1516962-detail-7.jpg
71,1516960,[클리어런스],DOX-607 SIMPLE POCKET 1/2 T - BLACK,"24,000원				6,900원",001001-1516960-thumb.jpg,등록된 후기가 없습니다.,001001-1516960-detail-0.jpg#001001-1516960-detail-1.jpg#001001-1516960-detail-2.jpg#001001-1516960-detail-3.jpg#001001-1516960-detail-4.jpg#001001-1516960-detail-5.jpg#001001-1516960-detail-6.jpg#001001-1516960-detail-7.jpg
72,1516959,[클리어런스],DOX-607 SIMPLE POCKET 1/2 T - BLACK,"24,000원				6,900원",001001-1516959-thumb.jpg,등록된 후기가 없습니다.,001001-1516959-detail-0.jpg#001001-1516959-detail-1.jpg#001001-1516959-detail-2.jpg#001001-1516959-detail-3.jpg#001001-1516959-detail-4.jpg#001001-1516959-detail-5.jpg#001001-1516959-detail-6.jpg#001001-1516959-detail-7.jpg
73,1516927,[클리어런스],DOX-607 SIMPLE POCKET 1/2 T - BLACK,"24,000원				6,900원",001001-1516927-thumb.jpg,등록된 후기가 없습니다.,001001-1516927-detail-0.jpg#001001-1516927-detail-1.jpg#001001-1516927-detail-2.jpg#001001-1516927-detail-3.jpg#001001-1516927-detail-4.jpg#001001-1516927-detail-5.jpg#001001-1516927-detail-6.jpg#001001-1516927-detail-7.jpg
74,1052632,[클리어런스],DOX-607 SIMPLE POCKET 1/2 T - BLACK,"24,000원				6,900원",001001-1052632-thumb.jpg,87.88% 만족,001001-1052632-detail-0.jpg#001001-1052632-detail-1.jpg#001001-1052632-detail-2.jpg
75,1516948,[클리어런스],DOX-607 SIMPLE POCKET 1/2 T - BLACK,"24,000원				6,900원",001001-1516948-thumb.jpg,등록된 후기가 없습니다.,001001-1516948-detail-0.jpg#001001-1516948-detail-1.jpg#001001-1516948-detail-2.jpg#001001-1516948-detail-3.jpg#001001-1516948-detail-4.jpg#001001-1516948-detail-5.jpg#001001-1516948-detail-6.jpg#001001-1516948-detail-7.jpg
76,1516918,[클리어런스],DOX-607 SIMPLE POCKET 1/2 T - BLACK,"24,000원				6,900원",001001-1516918-thumb.jpg,등록된 후기가 없습니다.,001001-1516918-detail-0.jpg#001001-1516918-detail-1.jpg
77,1516929,[클리어런스],DOX-607 SIMPLE POCKET 1/2 T - BLACK,"24,000원				6,900원",001001-1516929-thumb.jpg,등록된 후기가 없습니다.,001001-1516929-detail-0.jpg#001001-1516929-detail-1.jpg#001001-1516929-detail-2.jpg#001001-1516929-detail-3.jpg#001001-1516929-detail-4.jpg#001001-1516929-detail-5.jpg#001001-1516929-detail-6.jpg#001001-1516929-detail-7.jpg
78,1516928,[클리어런스],DOX-607 SIMPLE POCKET 1/2 T - BLACK,"24,000원				6,900원",001001-1516928-thumb.jpg,등록된 후기가 없습니다.,001001-1516928-detail-0.jpg#001001-1516928-detail-1.jpg#001001-1516928-detail-2.jpg#001001-1516928-detail-3.jpg#001001-1516928-detail-4.jpg#001001-1516928-detail-5.jpg#001001-1516928-detail-6.jpg#001001-1516928-detail-7.jpg
79,1516924,[클리어런스],DOX-607 SIMPLE POCKET 1/2 T - BLACK,"24,000원				6,900원",001001-1516924-thumb.jpg,등록된 후기가 없습니다.,001001-1516924-detail-0.jpg#001001-1516924-detail-1.jpg#001001-1516924-detail-2.jpg#001001-1516924-detail-3.jpg#001001-1516924-detail-4.jpg#001001-1516924-detail-5.jpg#001001-1516924-detail-6.jpg#001001-1516924-detail-7.jpg
80,1516923,[클리어런스],DOX-607 SIMPLE POCKET 1/2 T - BLACK,"24,000원				6,900원",001001-1516923-thumb.jpg,등록된 후기가 없습니다.,001001-1516923-detail-0.jpg#001001-1516923-detail-1.jpg#001001-1516923-detail-2.jpg#001001-1516923-detail-3.jpg#001001-1516923-detail-4.jpg#001001-1516923-detail-5.jpg#001001-1516923-detail-6.jpg#001001-1516923-detail-7.jpg
81,1516920,[클리어런스],DOX-607 SIMPLE POCKET 1/2 T - BLACK,"24,000원				6,900원",001001-1516920-thumb.jpg,등록된 후기가 없습니다.,001001-1516920-detail-0.jpg#001001-1516920-detail-1.jpg#001001-1516920-detail-2.jpg#001001-1516920-detail-3.jpg#001001-1516920-detail-4.jpg#001001-1516920-detail-5.jpg#001001-1516920-detail-6.jpg#001001-1516920-detail-7.jpg
82,1516894,[클리어런스],DOX-607 SIMPLE POCKET 1/2 T - BLACK,"24,000원				6,900원",001001-1516894-thumb.jpg,등록된 후기가 없습니다.,001001-1516894-detail-0.jpg
83,1516919,[클리어런스],DOX-607 SIMPLE POCKET 1/2 T - BLACK,"24,000원				6,900원",001001-1516919-thumb.jpg,등록된 후기가 없습니다.,001001-1516919-detail-0.jpg#001001-1516919-detail-1.jpg#001001-1516919-detail-2.jpg#001001-1516919-detail-3.jpg#001001-1516919-detail-4.jpg#001001-1516919-detail-5.jpg#001001-1516919-detail-6.jpg#001001-1516919-detail-7.jpg
84,1516893,[클리어런스],DOX-607 SIMPLE POCKET 1/2 T - BLACK,"24,000원				6,900원",001001-1516893-thumb.jpg,등록된 후기가 없습니다.,001001-1516893-detail-0.jpg
85,1516915,[클리어런스],DOX-607 SIMPLE POCKET 1/2 T - BLACK,"24,000원				6,900원",001001-1516915-thumb.jpg,등록된 후기가 없습니다.,001001-1516915-detail-0.jpg#001001-1516915-detail-1.jpg#001001-1516915-detail-2.jpg#001001-1516915-detail-3.jpg#001001-1516915-detail-4.jpg#001001-1516915-detail-5.jpg#001001-1516915-detail-6.jpg#001001-1516915-detail-7.jpg
86,1516855,[클리어런스],DOX-607 SIMPLE POCKET 1/2 T - BLACK,"24,000원				6,900원",001001-1516855-thumb.jpg,등록된 후기가 없습니다.,001001-1516855-detail-0.jpg#001001-1516855-detail-1.jpg
87,1516914,[클리어런스],DOX-607 SIMPLE POCKET 1/2 T - BLACK,"24,000원				6,900원",001001-1516914-thumb.jpg,등록된 후기가 없습니다.,001001-1516914-detail-0.jpg#001001-1516914-detail-1.jpg#001001-1516914-detail-2.jpg#001001-1516914-detail-3.jpg#001001-1516914-detail-4.jpg#001001-1516914-detail-5.jpg#001001-1516914-detail-6.jpg#001001-1516914-detail-7.jpg
88,1516910,[클리어런스],DOX-607 SIMPLE POCKET 1/2 T - BLACK,"24,000원				6,900원",001001-1516910-thumb.jpg,등록된 후기가 없습니다.,001001-1516910-detail-0.jpg#001001-1516910-detail-1.jpg#001001-1516910-detail-2.jpg#001001-1516910-detail-3.jpg#001001-1516910-detail-4.jpg#001001-1516910-detail-5.jpg#001001-1516910-detail-6.jpg#001001-1516910-detail-7.jpg
89,1516892,[클리어런스],DOX-607 SIMPLE POCKET 1/2 T - BLACK,"24,000원				6,900원",001001-1516892-thumb.jpg,등록된 후기가 없습니다.,001001-1516892-detail-0.jpg
